Rank,Companies,Applications,Primary Market,Ideal Customer,Product Description,Unique Product Features
1,Phaidra,Industrial AI,Industrial operations,Manufacturing plants,"AI-based 'virtual plant operator' for managing industrial operations","Real-time data processing, predictive maintenance, energy efficiency optimization"
2,Cohere,AI Platforms,Enterprise solutions,Large enterprises,"AI platform for natural language processing and generative AI applications","Advanced NLP capabilities, large-scale deployment support"
3,AWS Generative AI Startups Program,Cloud Computing,AI startups,Early-stage AI companies,"AWS credits, mentorship, and education for developing generative AI applications","Comprehensive support package including financial, educational, and mentorship components"
4,Anthropic,AI Safety,Tech companies,Tech giants,"AI systems focused on safety and alignment with human values","Emphasis on ethical AI development, robust safety protocols"
5,Mistral AI,Generative AI,Content creation,Media companies,"AI tools for content creation and enhancement","High-quality content generation, customizable AI models"
6,Perplexity AI,Educational AI,Learning platforms,Educational institutions,"AI tool for personalized learning and information retrieval","Adaptive learning algorithms, extensive knowledge database"
7,DeepL,Translation AI,Global enterprises,Multinational corporations,"AI-powered translation services","High accuracy and speed, supports multiple languages"
8,Nektar.ai,Sales Enablement,B2B sales teams,Sales professionals,"AI-powered virtual assistant for sales productivity and revenue growth","Integrated sales tools, real-time analytics"
9,Abnormal Security,Cybersecurity,Enterprise security,IT departments,"AI-driven email security platform","Advanced threat detection, automated response mechanisms"
10,OpenAI,General AI,Various industries,Tech innovators,"Research and development in artificial general intelligence","Focus on AGI, safety and alignment with human values"
11,Figure,Robotics,Various industries,Companies needing automation,"General-purpose humanoid robots","Versatile applications, human-like dexterity and adaptability"
12,Cloudphysician,Health AI,Healthcare providers,Hospitals,"AI-assisted virtual ICU services","Real-time patient monitoring, predictive analytics for critical care"
13,Match Group,AI for HR,Corporate HR teams,Large enterprises,"AI tools for employee productivity and work-related task management","Integration with existing HR systems, focus on productivity enhancement"
14,Blink UX,User Experience,Tech startups,Tech product teams,"AI-enhanced user experience design services","Personalized UX improvements, data-driven design choices"
15,Tomo,Real Estate AI,Real estate market,Real estate professionals,"AI-powered tools for real estate transactions and market analysis","Streamlined processes, enhanced market insights"
16,Ironclad,Legal Tech,Legal departments,Corporate legal teams,"AI-based contract lifecycle management","Automation of legal workflows, robust compliance features"
17,Sarah.ai,Financial Tech,Financial institutions,Banks,"AI-native loan origination system","Automation of manual processes, built-in AI agent for assistance"
18,Snowflake,Data Management,Cloud data platforms,Data-driven companies,"Cloud data platform for data storage, processing, and analysis","Scalability, real-time data analytics"
19,Adobe Firefly,Creative AI,Design professionals,Graphic designers,"AI tools for graphic design and content creation","Integration with Adobe Creative Cloud, advanced generative design features"
20,Universal Hydrogen,Green Tech,Aviation industry,Airlines,"AI-driven hydrogen fuel solutions for aircraft","Sustainable aviation fuel technology, focus on reducing carbon emissions"